spending_segment,customer_count,total_revenue,avg_transaction_value
10000+,786,12676872.99,486.46033267925895
1000-5000,23,87657.23,421.35828733304913
5000-10000,191,1509885.67,446.9780497791638
