category,total_revenue,total_profit,profit_margin_pct,units_sold
Electronics,2674363.32,548160.51,20.49686016483355,10565
Sports,2268888.58,425266.91,18.743402111001853,9157
Home & Kitchen,2469973.03,460204.71,18.631973078669606,10788
Clothing,2503631.21,508579.33,20.313667922361457,10514
Books,2279177.8,423164.77,18.566553693178303,10131
Beauty,2078381.95,370758.51,17.838805326422317,8540
