day_name,avg_daily_revenue,avg_daily_transactions,total_revenue
Friday,472.81014652014653,1429,2065234.72
Monday,474.77015278462295,1375,1926617.28
Saturday,482.81798930729894,1438,2077082.99
Sunday,482.3416708172968,1478,2130503.16
Thursday,480.0249449003517,1430,2047306.39
Tuesday,471.39807529411763,1424,2003441.82
Wednesday,477.97627626918535,1422,2024229.53
