discount_range,total_orders,total_quantity_sold,total_revenue,avg_line_total
0%,7420,14888,3884304.51,523.4911738544474
11-25%,12023,23977,5358829.13,445.71480745238296
1-10%,10452,20830,5031282.25,481.3702879831611
