payment_method,transaction_count,total_revenue,pct_of_transactions,pct_of_revenue
UPI,5890,2792875.33,19.702291353069075,19.565601503572278
Net Banking,5930,2845911.88,19.836092992139154,19.93715120766318
Cash on Delivery,6225,2977321.79,20.822880080280985,20.857748666870318
Debit Card,6025,2883761.74,20.15387188493059,20.2023099384419
Credit Card,5825,2774545.15,19.484863689580198,19.437188683452323
